[{"model": "main.tmforumcriterion", "pk": "00b50418-1f24-4706-94cb-24b729b645eb", "fields": {"created_at": "2020-09-30T09:47:07.673Z", "updated_at": "2020-09-30T09:47:07.690Z", "sub_dimension": "c5396585-ff95-4318-9841-2ef9cf96ca0b", "value": 3, "title": "Productivity Tools", "description": "Tools are available to support productivity"}}, {"model": "main.tmforumcriterion", "pk": "02a24463-127f-417a-9bf4-bc12538252c3", "fields": {"created_at": "2020-09-30T09:47:00.975Z", "updated_at": "2020-09-30T09:47:00.990Z", "sub_dimension": "42185a0b-ae38-4836-8bb1-4906df730edb", "value": 4, "title": "CI/CD", "description": "A CI/CD (Continuous Integration/Continuous Delivery) workflow is operated"}}, {"model": "main.tmforumcriterion", "pk": "03c14a67-88f5-4027-a302-647cac4d2603", "fields": {"created_at": "2020-09-30T09:46:41.889Z", "updated_at": "2020-09-30T09:46:41.902Z", "sub_dimension": "33956eb0-e691-46b1-af9d-4c3c2907cea7", "value": 4, "title": "Personal information control", "description": "Users are aware and able to control how their personal information is used."}}, {"model": "main.tmforumcriterion", "pk": "0ab969e1-27cf-4ec7-8af1-b3e7e45e8aa5", "fields": {"created_at": "2020-09-30T09:46:55.831Z", "updated_at": "2020-09-30T09:46:55.844Z", "sub_dimension": "39b294ab-8504-402e-a33f-f95152c56a67", "value": 3, "title": "Internet Protocol", "description": "Uses Internet Protocol for connectivity"}}, {"model": "main.tmforumcriterion", "pk": "0c9ba41a-d8d9-46a5-99c5-8a1dd04f8b96", "fields": {"created_at": "2020-09-30T09:46:35.831Z", "updated_at": "2020-09-30T09:46:35.847Z", "sub_dimension": "3dfcb7d1-55a5-4713-b7af-17d48da3e273", "value": 6, "title": "Digital interactions", "description": "Customer interactions may be conducted across digital channels"}}, {"model": "main.tmforumcriterion", "pk": "0d6eb8f3-4a81-4f2c-9eca-825068610a45", "fields": {"created_at": "2020-09-30T09:46:51.155Z", "updated_at": "2020-09-30T09:46:51.171Z", "sub_dimension": "7a6fc1f0-97a8-44cd-a541-db6086a77edf", "value": 6, "title": "API Adoption", "description": "The organization makes use of Open APIs for integration"}}, {"model": "main.tmforumcriterion", "pk": "115a95f5-2cd2-40df-8e3b-2cf4c2362e32", "fields": {"created_at": "2020-09-30T09:46:55.002Z", "updated_at": "2020-09-30T09:46:55.018Z", "sub_dimension": "4f0e385e-59ad-4734-892f-f84c90a493bd", "value": 1, "title": "Artificial Intelligence", "description": "Artificial Intelligence is used by the business"}}, {"model": "main.tmforumcriterion", "pk": "1212d040-14bb-4f00-a95d-3853d8681b18", "fields": {"created_at": "2020-09-30T09:46:59.630Z", "updated_at": "2020-09-30T09:46:59.643Z", "sub_dimension": "6828bf7d-2d53-4e6f-bfff-952c67f9a3dc", "value": 3, "title": "Agile Development", "description": "Agile methods are applied in the development and evolution of products"}}, {"model": "main.tmforumcriterion", "pk": "149550d0-8520-419a-bf11-ceaa73d6c812", "fields": {"created_at": "2020-09-30T09:47:01.348Z", "updated_at": "2020-09-30T09:47:01.364Z", "sub_dimension": "42185a0b-ae38-4836-8bb1-4906df730edb", "value": 3, "title": "DevOps", "description": "DevOps principles are applied"}}, {"model": "main.tmforumcriterion", "pk": "1525282a-3c72-4ffa-9233-47a1b6dc2da4", "fields": {"created_at": "2020-09-30T09:47:03.907Z", "updated_at": "2020-09-30T09:47:03.919Z", "sub_dimension": "2a5aa027-6b75-4ef2-b430-655d4b13ceff", "value": 5, "title": "Virtual Collaboration", "description": "The organization has the capabilities in place to support virtual collaboration."}}, {"model": "main.tmforumcriterion", "pk": "157c9647-4c5b-4325-b7b9-843e0a82bc52", "fields": {"created_at": "2020-09-30T09:47:05.896Z", "updated_at": "2020-09-30T09:47:05.911Z", "sub_dimension": "145506d0-7992-4d5d-bf02-ac3f1b6ae535", "value": 3, "title": "Workforce Planning", "description": "The organization identifies the skills required to achieve the digital strategy  "}}, {"model": "main.tmforumcriterion", "pk": "1881331d-f8fa-4a64-8edb-1c437694a9c7", "fields": {"created_at": "2020-09-30T09:46:47.355Z", "updated_at": "2020-09-30T09:46:47.368Z", "sub_dimension": "bf78a312-d421-4146-9007-0bf1b8286692", "value": 2, "title": "Portfolio Roadmap", "description": "There is a portfolio roadmap of digital products and services\n"}}, {"model": "main.tmforumcriterion", "pk": "1a60b14e-d604-4693-9a7a-37c433ce5e4d", "fields": {"created_at": "2020-09-30T09:46:59.816Z", "updated_at": "2020-09-30T09:46:59.829Z", "sub_dimension": "6828bf7d-2d53-4e6f-bfff-952c67f9a3dc", "value": 5, "title": "Continuous Service Innovation", "description": "The organization innovates to improve existing services and introduce new ones"}}, {"model": "main.tmforumcriterion", "pk": "1b0f77d0-05c9-4223-9d45-43cbce42c274", "fields": {"created_at": "2020-09-30T09:46:47.969Z", "updated_at": "2020-09-30T09:46:47.982Z", "sub_dimension": "6c151793-6b49-4e89-817e-b4ed592843a1", "value": 3, "title": "Performance Measures", "description": "Performance measures for strategic objectives are adopted"}}, {"model": "main.tmforumcriterion", "pk": "1b9faedb-1d2d-4ce7-ba30-a1d8bf081c3a", "fields": {"created_at": "2020-09-30T09:46:47.551Z", "updated_at": "2020-09-30T09:46:47.567Z", "sub_dimension": "bf78a312-d421-4146-9007-0bf1b8286692", "value": 1, "title": "Portfolio Balancing", "description": "There is a balanced portfolio of digital products and services that aligns with the organization's strategy\n"}}, {"model": "main.tmforumcriterion", "pk": "1cb2bb4a-007a-4d36-baf9-6921ba12c6ba", "fields": {"created_at": "2020-09-30T09:47:00.006Z", "updated_at": "2020-09-30T09:47:00.023Z", "sub_dimension": "6828bf7d-2d53-4e6f-bfff-952c67f9a3dc", "value": 1, "title": "Meeting Business Requirements", "description": "Business requirements are understood and translated into Architecture and service design"}}, {"model": "main.tmforumcriterion", "pk": "1f3d9863-eff9-44eb-b6fa-92eadbedd3f7", "fields": {"created_at": "2020-09-30T09:46:58.814Z", "updated_at": "2020-09-30T09:46:58.827Z", "sub_dimension": "ff6231a8-52ad-46d8-bc8b-3d09bf055d34", "value": 1, "title": "Operating Model", "description": "The operating model embodies the digital strategy"}}, {"model": "main.tmforumcriterion", "pk": "210f7668-39dc-4d23-9fc3-88671f1fd94e", "fields": {"created_at": "2020-09-30T09:46:36.457Z", "updated_at": "2020-09-30T09:46:36.555Z", "sub_dimension": "3dfcb7d1-55a5-4713-b7af-17d48da3e273", "value": 1, "title": "Personalisation", "description": "The customer experience is personalized based on collected customer insights and context."}}, {"model": "main.tmforumcriterion", "pk": "2827f9c0-630a-4a9b-b9cf-c4cd328853eb", "fields": {"created_at": "2020-09-30T09:47:07.870Z", "updated_at": "2020-09-30T09:47:07.883Z", "sub_dimension": "c5396585-ff95-4318-9841-2ef9cf96ca0b", "value": 2, "title": "Innovative Environment", "description": "The workplace supports innovation"}}, {"model": "main.tmforumcriterion", "pk": "2aa9d650-022f-473a-9fcf-3d37bd1c0dc6", "fields": {"created_at": "2020-09-30T09:46:37.053Z", "updated_at": "2020-09-30T09:46:37.068Z", "sub_dimension": "3dfcb7d1-55a5-4713-b7af-17d48da3e273", "value": 8, "title": "Social Ties", "description": "Social engagement with and between customers is enabled to encourage brand loyalty."}}, {"model": "main.tmforumcriterion", "pk": "2c7a4829-80b2-49ca-9d21-dfdd98e48a7a", "fields": {"created_at": "2020-09-30T09:46:56.036Z", "updated_at": "2020-09-30T09:46:56.049Z", "sub_dimension": "39b294ab-8504-402e-a33f-f95152c56a67", "value": 2, "title": "Wireless Connectivity", "description": "The organization uses wireless connectivity technologies"}}, {"model": "main.tmforumcriterion", "pk": "2e2b6506-6a8c-4225-9d3b-0508bac57dec", "fields": {"created_at": "2020-09-30T09:46:56.373Z", "updated_at": "2020-09-30T09:46:56.388Z", "sub_dimension": "39b294ab-8504-402e-a33f-f95152c56a67", "value": 4, "title": "IoT", "description": "Applies IoT in support of business needs"}}, {"model": "main.tmforumcriterion", "pk": "2ecc3610-56c0-40ba-82a6-f98f009a9ddc", "fields": {"created_at": "2020-09-30T09:46:42.074Z", "updated_at": "2020-09-30T09:46:42.086Z", "sub_dimension": "33956eb0-e691-46b1-af9d-4c3c2907cea7", "value": 1, "title": "Brand Promise", "description": "Customer expectations associated with intended brand promise are met"}}, {"model": "main.tmforumcriterion", "pk": "2fcd07fc-8d2b-47c1-a892-f699f4b8b8ae", "fields": {"created_at": "2020-09-30T09:47:08.065Z", "updated_at": "2020-09-30T09:47:08.078Z", "sub_dimension": "c5396585-ff95-4318-9841-2ef9cf96ca0b", "value": 4, "title": "Innovation Tools", "description": "Tools are available to support innovation"}}, {"model": "main.tmforumcriterion", "pk": "32e75520-bf24-4dd2-a5d9-279df74e3294", "fields": {"created_at": "2020-09-30T09:46:56.745Z", "updated_at": "2020-09-30T09:46:56.760Z", "sub_dimension": "39b294ab-8504-402e-a33f-f95152c56a67", "value": 8, "title": "Edge Computing", "description": "Adopts Edge Computing design principles to support business needs"}}, {"model": "main.tmforumcriterion", "pk": "35bdd143-0993-4889-ad4c-b94514f5cb83", "fields": {"created_at": "2020-09-30T09:46:46.762Z", "updated_at": "2020-09-30T09:46:46.775Z", "sub_dimension": "cbb5159c-77c2-4943-8847-7224b7270d32", "value": 3, "title": "Competitor Evaluation", "description": "The\u00a0organization analyses the competitive landscape to drive its digital strategy"}}, {"model": "main.tmforumcriterion", "pk": "3c0dd322-d262-4ced-bd4f-612ce8a19563", "fields": {"created_at": "2020-09-30T09:47:06.274Z", "updated_at": "2020-09-30T09:47:06.289Z", "sub_dimension": "145506d0-7992-4d5d-bf02-ac3f1b6ae535", "value": 1, "title": "Total Rewards", "description": "Total rewards incentivise the delivery of the digital strategy"}}, {"model": "main.tmforumcriterion", "pk": "3d7c512f-f90c-46a3-bf69-1472abc2cfd9", "fields": {"created_at": "2020-09-30T09:47:08.256Z", "updated_at": "2020-09-30T09:47:08.269Z", "sub_dimension": "c5396585-ff95-4318-9841-2ef9cf96ca0b", "value": 5, "title": "Productivity Policies", "description": "Working policies and processes support productivity"}}, {"model": "main.tmforumcriterion", "pk": "405340b9-aaf4-4acd-a89d-3c9b6d18c66b", "fields": {"created_at": "2020-09-30T09:47:09.280Z", "updated_at": "2020-09-30T09:47:09.293Z", "sub_dimension": "41395e29-dc59-43e1-94a1-1b5d71969a78", "value": 2, "title": "Data Stewardship", "description": "Accountable for data assets, provides authorized users with high-quality data."}}, {"model": "main.tmforumcriterion", "pk": "41be5245-736d-446d-9745-330b63c43782", "fields": {"created_at": "2020-09-30T09:46:48.162Z", "updated_at": "2020-09-30T09:46:48.175Z", "sub_dimension": "6c151793-6b49-4e89-817e-b4ed592843a1", "value": 2, "title": "Business/Technology Alignment", "description": "Business strategy is co-developed between the business and Technology teams"}}, {"model": "main.tmforumcriterion", "pk": "42727d3e-4520-40db-9229-f476b7d59456", "fields": {"created_at": "2020-09-30T09:47:10.725Z", "updated_at": "2020-09-30T09:47:10.738Z", "sub_dimension": "51ec117f-97a8-4599-a1b6-f78166e5c6b7", "value": 3, "title": "Data Accessibility", "description": "Ensures that data needed are always accessible"}}, {"model": "main.tmforumcriterion", "pk": "4296f255-7db9-4ef1-8491-9cfe3594f75c", "fields": {"created_at": "2020-09-30T09:47:12.192Z", "updated_at": "2020-09-30T09:47:12.205Z", "sub_dimension": "1a2fec64-28f6-4242-94c0-280791131451", "value": 1, "title": "Data driven decision making", "description": "Organization decisions are data-driven."}}, {"model": "main.tmforumcriterion", "pk": "460d9b09-007e-4e1b-a087-3f42b3300c89", "fields": {"created_at": "2020-09-30T09:47:02.308Z", "updated_at": "2020-09-30T09:47:02.324Z", "sub_dimension": "6070707f-b150-4156-8f34-58fb9ff7a2d8", "value": 6, "title": "Revenue Management Operations", "description": "Digital techniques are used to assure revenue"}}, {"model": "main.tmforumcriterion", "pk": "469b3208-74af-4e29-a781-cfd70675d81b", "fields": {"created_at": "2020-09-30T09:46:41.293Z", "updated_at": "2020-09-30T09:46:41.306Z", "sub_dimension": "e0cd6319-64f9-4309-9d1f-55703d8bf9ad", "value": 3, "title": "Voice of the Customer", "description": "The customer's expectations, preferences and aversions are actively considered"}}, {"model": "main.tmforumcriterion", "pk": "4919711b-fec0-4847-a993-c165f8760fa7", "fields": {"created_at": "2020-09-30T09:46:55.219Z", "updated_at": "2020-09-30T09:46:55.232Z", "sub_dimension": "4f0e385e-59ad-4734-892f-f84c90a493bd", "value": 3, "title": "Application Development Tools", "description": "The organization has application development tools in place"}}, {"model": "main.tmforumcriterion", "pk": "49a02b5f-998a-43f1-af4c-09af46068681", "fields": {"created_at": "2020-09-30T09:47:10.916Z", "updated_at": "2020-09-30T09:47:10.929Z", "sub_dimension": "51ec117f-97a8-4599-a1b6-f78166e5c6b7", "value": 1, "title": "Data Modelling", "description": "Data used by the organization is identified, categorized and modelled according to the meta model."}}, {"model": "main.tmforumcriterion", "pk": "51d9a1a3-614f-4e0f-a19f-c360cc22916c", "fields": {"created_at": "2020-09-30T09:47:02.495Z", "updated_at": "2020-09-30T09:47:02.508Z", "sub_dimension": "6070707f-b150-4156-8f34-58fb9ff7a2d8", "value": 1, "title": "Service Assurance", "description": "Service Assurance ensures that services operate at agreed performance levels"}}, {"model": "main.tmforumcriterion", "pk": "53b3978f-d348-46a0-a6f4-085c35a5640e", "fields": {"created_at": "2020-09-30T09:46:48.356Z", "updated_at": "2020-09-30T09:46:48.369Z", "sub_dimension": "6c151793-6b49-4e89-817e-b4ed592843a1", "value": 1, "title": "Vision/Strategy Alignment", "description": "Business strategy encompasses a clear vision"}}, {"model": "main.tmforumcriterion", "pk": "5730a887-26f3-4727-a764-da383a02ec43", "fields": {"created_at": "2020-09-30T09:46:39.627Z", "updated_at": "2020-09-30T09:46:39.642Z", "sub_dimension": "83e11138-5702-4b71-80cd-c32079a8a06c", "value": 6, "title": "Omnichannel", "description": "It is easy for customers to start a customer journey in one channel/device and continue in another "}}, {"model": "main.tmforumcriterion", "pk": "5732eb25-5f1e-4302-9a5a-42837891c20f", "fields": {"created_at": "2020-09-30T09:47:00.198Z", "updated_at": "2020-09-30T09:47:00.211Z", "sub_dimension": "6828bf7d-2d53-4e6f-bfff-952c67f9a3dc", "value": 2, "title": "Design Thinking", "description": "Design Thinking is used to understand stakeholders' needs and challenges"}}, {"model": "main.tmforumcriterion", "pk": "5952d7c8-b6b8-47f8-b467-a0402abcee0c", "fields": {"created_at": "2020-09-30T09:46:55.409Z", "updated_at": "2020-09-30T09:46:55.422Z", "sub_dimension": "4f0e385e-59ad-4734-892f-f84c90a493bd", "value": 4, "title": "Tools Catalog", "description": "A set of tools is in place to facilitate and automate tasks"}}, {"model": "main.tmforumcriterion", "pk": "5ba45da1-d680-41bf-a2ae-e8afe4a17bd5", "fields": {"created_at": "2020-09-30T09:47:02.696Z", "updated_at": "2020-09-30T09:47:02.709Z", "sub_dimension": "6070707f-b150-4156-8f34-58fb9ff7a2d8", "value": 7, "title": "Fraud Management Operations", "description": "Digital techniques are used to prevent fraud"}}, {"model": "main.tmforumcriterion", "pk": "5bbc05a9-21fd-4997-af3d-263ecf2f0eb0", "fields": {"created_at": "2020-09-30T09:46:53.394Z", "updated_at": "2020-09-30T09:46:53.409Z", "sub_dimension": "e0de2000-09b0-4db9-bc2a-b1da6e878974", "value": 3, "title": "Cyber Security", "description": "Protects the organization's systems from harm"}}, {"model": "main.tmforumcriterion", "pk": "5c5b0793-5572-4f6f-9cfd-26d5aa195766", "fields": {"created_at": "2020-09-30T09:47:01.733Z", "updated_at": "2020-09-30T09:47:01.751Z", "sub_dimension": "42185a0b-ae38-4836-8bb1-4906df730edb", "value": 2, "title": "Release Management", "description": "A common approach to Release Management is applied"}}, {"model": "main.tmforumcriterion", "pk": "5d07569a-3c00-477b-807c-cf99f333337e", "fields": {"created_at": "2020-09-30T09:46:51.339Z", "updated_at": "2020-09-30T09:46:51.352Z", "sub_dimension": "7a6fc1f0-97a8-44cd-a541-db6086a77edf", "value": 5, "title": "Cloud Evolution", "description": "The organization has an approach to evolve its cloud capabilities (eg use of Private Cloud vs Hybrid Cloud)"}}, {"model": "main.tmforumcriterion", "pk": "5e9820f4-e1f6-4054-84ef-deb94fca2f1b", "fields": {"created_at": "2020-09-30T09:47:02.888Z", "updated_at": "2020-09-30T09:47:02.901Z", "sub_dimension": "6070707f-b150-4156-8f34-58fb9ff7a2d8", "value": 4, "title": "Fulfilment", "description": "Fulfilment satisfies customer orders on time"}}, {"model": "main.tmforumcriterion", "pk": "61939ac5-1537-4b9c-9100-994da997f387", "fields": {"created_at": "2020-09-30T09:47:06.494Z", "updated_at": "2020-09-30T09:47:06.510Z", "sub_dimension": "145506d0-7992-4d5d-bf02-ac3f1b6ae535", "value": 4, "title": "Talent acquisition", "description": "The organization acquires the skills to achieve the digital strategy  "}}, {"model": "main.tmforumcriterion", "pk": "61a48aa7-87c1-426a-bbb9-008e3272487f", "fields": {"created_at": "2020-09-30T09:47:06.684Z", "updated_at": "2020-09-30T09:47:06.697Z", "sub_dimension": "145506d0-7992-4d5d-bf02-ac3f1b6ae535", "value": 7, "title": "Digital Learning", "description": "Digital learning is delivering business value"}}, {"model": "main.tmforumcriterion", "pk": "620f25c4-16fc-4ecc-8d20-011187f0e556", "fields": {"created_at": "2020-09-30T09:47:11.111Z", "updated_at": "2020-09-30T09:47:11.124Z", "sub_dimension": "51ec117f-97a8-4599-a1b6-f78166e5c6b7", "value": 5, "title": "Data Collection", "description": "Collects data needed by the organization"}}, {"model": "main.tmforumcriterion", "pk": "6214ad1d-ec2f-4f55-9b41-88069b78042b", "fields": {"created_at": "2020-09-30T09:46:59.009Z", "updated_at": "2020-09-30T09:46:59.022Z", "sub_dimension": "ff6231a8-52ad-46d8-bc8b-3d09bf055d34", "value": 2, "title": "Operations Risk Management", "description": "Risk Management is applied in day-to-day operations"}}, {"model": "main.tmforumcriterion", "pk": "62b6d186-de79-4348-bb09-1d78a81dd882", "fields": {"created_at": "2020-09-30T09:46:47.741Z", "updated_at": "2020-09-30T09:46:47.754Z", "sub_dimension": "bf78a312-d421-4146-9007-0bf1b8286692", "value": 3, "title": "Portfolio Innovation", "description": "There is a process for portfolio innovation"}}, {"model": "main.tmforumcriterion", "pk": "63b10c3e-1ab4-42f7-a4ee-d2bcfd31138c", "fields": {"created_at": "2020-09-30T09:46:39.944Z", "updated_at": "2020-09-30T09:46:39.957Z", "sub_dimension": "83e11138-5702-4b71-80cd-c32079a8a06c", "value": 4, "title": "Portfolio Scope", "description": "The development of the portfolio reflects customer experience expectations .\n"}}, {"model": "main.tmforumcriterion", "pk": "66fd5892-f00c-4aec-839c-8b10b20aed9e", "fields": {"created_at": "2020-09-30T09:47:09.470Z", "updated_at": "2020-09-30T09:47:09.483Z", "sub_dimension": "41395e29-dc59-43e1-94a1-1b5d71969a78", "value": 3, "title": "Master Data Management", "description": "Defines and uses Master Data Management to ensure that critical data to business is readily and consistently available."}}, {"model": "main.tmforumcriterion", "pk": "6b021bd6-4717-436c-a68c-56b33f7f7cf8", "fields": {"created_at": "2020-09-30T09:46:51.542Z", "updated_at": "2020-09-30T09:46:51.557Z", "sub_dimension": "7a6fc1f0-97a8-44cd-a541-db6086a77edf", "value": 2, "title": "Microservices & SOA", "description": "The architecture design follows a service orientation approach"}}, {"model": "main.tmforumcriterion", "pk": "6c7a67e5-2875-4324-b8d8-db9216703ca6", "fields": {"created_at": "2020-09-30T09:46:45.823Z", "updated_at": "2020-09-30T09:46:45.839Z", "sub_dimension": "8be5d4bb-5752-4a0a-9423-840aca217d30", "value": 2, "title": "Investment Evaluation", "description": "KPIs which support the transformation strategy are established to evaluate investment decisions."}}, {"model": "main.tmforumcriterion", "pk": "6cfd4a35-f814-4fa3-90e9-7686c9b5dc59", "fields": {"created_at": "2020-09-30T09:47:02.091Z", "updated_at": "2020-09-30T09:47:02.103Z", "sub_dimension": "42185a0b-ae38-4836-8bb1-4906df730edb", "value": 1, "title": "Operations Change Management", "description": "Responsibilities for operations change management are adopted "}}, {"model": "main.tmforumcriterion", "pk": "6dda3cbe-8234-4d80-888f-da04b1fbb1b0", "fields": {"created_at": "2020-09-30T09:46:55.599Z", "updated_at": "2020-09-30T09:46:55.619Z", "sub_dimension": "4f0e385e-59ad-4734-892f-f84c90a493bd", "value": 2, "title": "Big Data Platform", "description": "A big data platform capability is in place to support data analytics"}}, {"model": "main.tmforumcriterion", "pk": "6e8268bd-8c29-47e6-b8e5-20619c1cb2b7", "fields": {"created_at": "2020-09-30T09:46:53.750Z", "updated_at": "2020-09-30T09:46:53.764Z", "sub_dimension": "e0de2000-09b0-4db9-bc2a-b1da6e878974", "value": 4, "title": "Physical Security", "description": "Technology components are used for the protection of the business"}}, {"model": "main.tmforumcriterion", "pk": "74d7d767-a523-4575-b420-ace724cc14ce", "fields": {"created_at": "2020-09-30T09:46:46.172Z", "updated_at": "2020-09-30T09:46:46.187Z", "sub_dimension": "8be5d4bb-5752-4a0a-9423-840aca217d30", "value": 3, "title": "Investment Continuous Improvement", "description": "Investment decisions are continuously improved based on past performance"}}, {"model": "main.tmforumcriterion", "pk": "7572e5f5-c553-4535-b2bc-b48210e2ee73", "fields": {"created_at": "2020-09-30T09:46:51.767Z", "updated_at": "2020-09-30T09:46:51.782Z", "sub_dimension": "7a6fc1f0-97a8-44cd-a541-db6086a77edf", "value": 3, "title": "Open Source", "description": "The organization makes use of Open Source solutions"}}, {"model": "main.tmforumcriterion", "pk": "775afbe4-6585-43f6-ae8a-27f56f4493c9", "fields": {"created_at": "2020-09-30T09:46:54.142Z", "updated_at": "2020-09-30T09:46:54.163Z", "sub_dimension": "e0de2000-09b0-4db9-bc2a-b1da6e878974", "value": 2, "title": "Intrusion Detection & Mitigation", "description": "Monitors components for malicious activity and policy violation including mitigation"}}, {"model": "main.tmforumcriterion", "pk": "77d23240-ff54-4202-a22e-a686d9749f63", "fields": {"created_at": "2020-09-30T09:47:06.875Z", "updated_at": "2020-09-30T09:47:06.888Z", "sub_dimension": "145506d0-7992-4d5d-bf02-ac3f1b6ae535", "value": 5, "title": "External Talent Pool", "description": "The organization nurtures an external pool of talent."}}, {"model": "main.tmforumcriterion", "pk": "7a21b2e1-4155-47bd-a163-35ee6ccd04b0", "fields": {"created_at": "2020-09-30T09:46:59.221Z", "updated_at": "2020-09-30T09:46:59.234Z", "sub_dimension": "ff6231a8-52ad-46d8-bc8b-3d09bf055d34", "value": 4, "title": "Operational Security", "description": "Operations security protects business assets"}}, {"model": "main.tmforumcriterion", "pk": "7ad92342-c80f-4f36-bf61-037d43885d3a", "fields": {"created_at": "2020-09-30T09:47:09.665Z", "updated_at": "2020-09-30T09:47:09.678Z", "sub_dimension": "41395e29-dc59-43e1-94a1-1b5d71969a78", "value": 5, "title": "Data Policy Management", "description": "The organization has clearly defined data policies with ownership rules and processes in place."}}, {"model": "main.tmforumcriterion", "pk": "7affa5b5-6938-47e2-ad9c-26814eb78c03", "fields": {"created_at": "2020-09-30T09:47:12.388Z", "updated_at": "2020-09-30T09:47:12.401Z", "sub_dimension": "1a2fec64-28f6-4242-94c0-280791131451", "value": 2, "title": "Data Science Competence", "description": "Possess capabilities including processes, algorithms and systems to extract knowledge and insights from data"}}, {"model": "main.tmforumcriterion", "pk": "7c103620-2408-4fff-be84-6d9b2dba5f74", "fields": {"created_at": "2020-09-30T09:46:54.523Z", "updated_at": "2020-09-30T09:46:54.538Z", "sub_dimension": "e0de2000-09b0-4db9-bc2a-b1da6e878974", "value": 1, "title": "Security by design", "description": "Security is embedded into the design and deployment of components"}}, {"model": "main.tmforumcriterion", "pk": "7c89c78c-59c6-4e8b-9823-8cf22e4ed034", "fields": {"created_at": "2020-09-30T09:47:00.389Z", "updated_at": "2020-09-30T09:47:00.409Z", "sub_dimension": "6828bf7d-2d53-4e6f-bfff-952c67f9a3dc", "value": 6, "title": "Partner On-boarding", "description": "There is an effective process to onboard partners"}}, {"model": "main.tmforumcriterion", "pk": "7cc18d10-4064-49cf-abf2-69530dbc1c38", "fields": {"created_at": "2020-09-30T09:47:04.088Z", "updated_at": "2020-09-30T09:47:04.107Z", "sub_dimension": "2a5aa027-6b75-4ef2-b430-655d4b13ceff", "value": 1, "title": "Leadership Behaviors", "description": "Leadership behaviours align with the organization's strategy and current circumstances."}}, {"model": "main.tmforumcriterion", "pk": "7e2afa2c-6ff3-46d9-931d-a9cabd8a61e0", "fields": {"created_at": "2020-09-30T09:46:43.204Z", "updated_at": "2020-09-30T09:46:43.223Z", "sub_dimension": "b68596a9-25f3-4561-8eaf-5fe41d2c9fbf", "value": 3, "title": "Brand Performance", "description": "There is a process in place to measure digital brand performance"}}, {"model": "main.tmforumcriterion", "pk": "7e970d96-feca-4287-9005-beee37dff924", "fields": {"created_at": "2020-09-30T09:46:43.573Z", "updated_at": "2020-09-30T09:46:43.588Z", "sub_dimension": "b68596a9-25f3-4561-8eaf-5fe41d2c9fbf", "value": 1, "title": "Brand Strategy", "description": "A\u00a0digital brand strategy with brand guidelines is in place across the organization"}}, {"model": "main.tmforumcriterion", "pk": "7f66701a-1b8e-438e-a2ae-b548e04b51ca", "fields": {"created_at": "2020-09-30T09:47:09.857Z", "updated_at": "2020-09-30T09:47:09.871Z", "sub_dimension": "41395e29-dc59-43e1-94a1-1b5d71969a78", "value": 1, "title": "Metadata Management", "description": "Defines and uses metadata to maximize the business value of information assets by providing a comprehensive, unified view of business context, tagging, relationships, data quality and usage."}}, {"model": "main.tmforumcriterion", "pk": "7f9dba31-3130-4cc8-8f0e-5304f2c2b953", "fields": {"created_at": "2020-09-30T09:46:44.807Z", "updated_at": "2020-09-30T09:46:44.822Z", "sub_dimension": "42d14292-13de-4338-9aed-a66728775084", "value": 1, "title": "Business Ecosystem", "description": "The organization has a clear strategy to exploit the business value of ecosystem participation and its role within it"}}, {"model": "main.tmforumcriterion", "pk": "811ec6ff-5b94-415a-890e-cb0a1394de0f", "fields": {"created_at": "2020-09-30T09:46:40.131Z", "updated_at": "2020-09-30T09:46:40.144Z", "sub_dimension": "83e11138-5702-4b71-80cd-c32079a8a06c", "value": 1, "title": "Customer Experience Vision", "description": "The customer experience vision\u00a0is clear and well understood. "}}, {"model": "main.tmforumcriterion", "pk": "817ca11b-1e68-491a-8c65-ad43d72d5cea", "fields": {"created_at": "2020-09-30T09:46:37.693Z", "updated_at": "2020-09-30T09:46:37.709Z", "sub_dimension": "3dfcb7d1-55a5-4713-b7af-17d48da3e273", "value": 4, "title": "Ease of use", "description": "The organization makes it easy for the customer\u00a0to fulfil their needs"}}, {"model": "main.tmforumcriterion", "pk": "82b7c58b-1237-4c0c-be8d-d715430f85bb", "fields": {"created_at": "2020-09-30T09:47:03.076Z", "updated_at": "2020-09-30T09:47:03.089Z", "sub_dimension": "6070707f-b150-4156-8f34-58fb9ff7a2d8", "value": 2, "title": "SRE", "description": "The organization uses Service Reliability Engineering"}}, {"model": "main.tmforumcriterion", "pk": "8468808e-fb79-44f8-ab01-8de5bc1e6750", "fields": {"created_at": "2020-09-30T09:47:03.263Z", "updated_at": "2020-09-30T09:47:03.291Z", "sub_dimension": "6070707f-b150-4156-8f34-58fb9ff7a2d8", "value": 8, "title": "Legacy Operations", "description": "Evolution from legacy operations is integrated into overall operations"}}, {"model": "main.tmforumcriterion", "pk": "864bb2a8-1380-48d3-a755-1d38ebeebb92", "fields": {"created_at": "2020-09-30T09:46:43.949Z", "updated_at": "2020-09-30T09:46:43.965Z", "sub_dimension": "b68596a9-25f3-4561-8eaf-5fe41d2c9fbf", "value": 2, "title": "Brand Governance", "description": "A digital brand governance structure\u00a0is in place to ensure the organization adheres\u00a0to the brand strategy."}}, {"model": "main.tmforumcriterion", "pk": "86c5a62a-7220-4072-8b58-6b9806715d47", "fields": {"created_at": "2020-09-30T09:46:42.265Z", "updated_at": "2020-09-30T09:46:42.278Z", "sub_dimension": "33956eb0-e691-46b1-af9d-4c3c2907cea7", "value": 3, "title": "Privacy", "description": "Customers trust\u00a0the organization to secure their privacy."}}, {"model": "main.tmforumcriterion", "pk": "86d536a9-7f79-48ab-b2eb-507d9609862e", "fields": {"created_at": "2020-09-30T09:46:42.448Z", "updated_at": "2020-09-30T09:46:42.461Z", "sub_dimension": "33956eb0-e691-46b1-af9d-4c3c2907cea7", "value": 5, "title": "Do The Right Thing", "description": "Business is conducted in a way that maximizes customer trust."}}, {"model": "main.tmforumcriterion", "pk": "87a77fba-cc4a-4c88-93ec-305ee562ab1a", "fields": {"created_at": "2020-09-30T09:46:52.140Z", "updated_at": "2020-09-30T09:46:52.156Z", "sub_dimension": "7a6fc1f0-97a8-44cd-a541-db6086a77edf", "value": 7, "title": "Technology Architecture", "description": "Technology architecture is designed to support applications in a flexible way"}}, {"model": "main.tmforumcriterion", "pk": "87fe08da-a8a1-4c29-94c1-f276702db533", "fields": {"created_at": "2020-09-30T09:46:45.098Z", "updated_at": "2020-09-30T09:46:45.112Z", "sub_dimension": "42d14292-13de-4338-9aed-a66728775084", "value": 2, "title": "Ecosystem Design", "description": "The organization designs ecosystems to drive its strategy"}}, {"model": "main.tmforumcriterion", "pk": "88462a76-90f2-438e-b99f-9ef255b31811", "fields": {"created_at": "2020-09-30T09:46:57.104Z", "updated_at": "2020-09-30T09:46:57.119Z", "sub_dimension": "39b294ab-8504-402e-a33f-f95152c56a67", "value": 5, "title": "Infrastruture Management", "description": "Manages the infrastruture to fulfill business strategy"}}, {"model": "main.tmforumcriterion", "pk": "8968db72-2048-4bb4-b9f4-eeefd350a47d", "fields": {"created_at": "2020-09-30T09:47:08.454Z", "updated_at": "2020-09-30T09:47:08.476Z", "sub_dimension": "c5396585-ff95-4318-9841-2ef9cf96ca0b", "value": 8, "title": "Knowledge Sharing", "description": "Knowledge is effectively shared across the organization"}}, {"model": "main.tmforumcriterion", "pk": "8d16371b-432f-4139-ae99-789d2ca2e21c", "fields": {"created_at": "2020-09-30T09:46:44.325Z", "updated_at": "2020-09-30T09:46:44.341Z", "sub_dimension": "b68596a9-25f3-4561-8eaf-5fe41d2c9fbf", "value": 4, "title": "Marketing Strategy", "description": "Digital marketing strategy supports overall strategy. "}}, {"model": "main.tmforumcriterion", "pk": "8f06ecf7-f3b1-432b-9bd3-bebf57a89fe4", "fields": {"created_at": "2020-09-30T09:46:49.795Z", "updated_at": "2020-09-30T09:46:49.810Z", "sub_dimension": "3d86f9fe-6b97-4e3c-97c4-1da65d63e20f", "value": 2, "title": "Industry Standards", "description": "The organization makes use of industry standards"}}, {"model": "main.tmforumcriterion", "pk": "90418474-9f30-4503-9a74-bb36d3e18491", "fields": {"created_at": "2020-09-30T09:46:46.948Z", "updated_at": "2020-09-30T09:46:46.961Z", "sub_dimension": "cbb5159c-77c2-4943-8847-7224b7270d32", "value": 2, "title": "Customer Evaluation", "description": "The\u00a0organization analyses customer needs to drive its digital strategy"}}, {"model": "main.tmforumcriterion", "pk": "91cb4da5-ed84-42df-97eb-3298e28a9935", "fields": {"created_at": "2020-09-30T09:47:04.473Z", "updated_at": "2020-09-30T09:47:04.492Z", "sub_dimension": "2a5aa027-6b75-4ef2-b430-655d4b13ceff", "value": 6, "title": "Inclusion", "description": "The organization embraces inclusion."}}, {"model": "main.tmforumcriterion", "pk": "91e6d3a5-de69-4076-beda-e3a9c8b20029", "fields": {"created_at": "2020-09-30T09:46:57.480Z", "updated_at": "2020-09-30T09:46:57.496Z", "sub_dimension": "39b294ab-8504-402e-a33f-f95152c56a67", "value": 7, "title": "Cloudification (Telco)", "description": "The organization uses cloud-based infrastructure to deliver its services"}}, {"model": "main.tmforumcriterion", "pk": "93474473-817a-4ad4-b858-586b11638d6c", "fields": {"created_at": "2020-09-30T09:46:47.138Z", "updated_at": "2020-09-30T09:46:47.151Z", "sub_dimension": "cbb5159c-77c2-4943-8847-7224b7270d32", "value": 1, "title": "Market Evaluation", "description": "The organization evaluates market trends to drive its digital strategy"}}, {"model": "main.tmforumcriterion", "pk": "97d799d9-4cac-400f-8df5-7e5787a140d4", "fields": {"created_at": "2020-09-30T09:47:08.656Z", "updated_at": "2020-09-30T09:47:08.669Z", "sub_dimension": "c5396585-ff95-4318-9841-2ef9cf96ca0b", "value": 7, "title": "Knowledge Capturing", "description": "Knowledge is effectively captured across the organization"}}, {"model": "main.tmforumcriterion", "pk": "9d4785c5-1f95-4c7c-bcbf-d28072ab52f2", "fields": {"created_at": "2020-09-30T09:46:48.542Z", "updated_at": "2020-09-30T09:46:48.555Z", "sub_dimension": "6c151793-6b49-4e89-817e-b4ed592843a1", "value": 6, "title": "Digital Strategy Adoption", "description": "Leadership\u00a0actively communicates the digital transformation strategy to drive adoption"}}, {"model": "main.tmforumcriterion", "pk": "9fa03bfa-46fd-4a14-8d3d-d60832afd613", "fields": {"created_at": "2020-09-30T09:46:52.521Z", "updated_at": "2020-09-30T09:46:52.537Z", "sub_dimension": "7a6fc1f0-97a8-44cd-a541-db6086a77edf", "value": 1, "title": "Technology Strategy/Roadmap", "description": "Technology roadmap aligns to the business strategy"}}, {"model": "main.tmforumcriterion", "pk": "a4a118a3-efe8-4ba9-8437-47131031c1cd", "fields": {"created_at": "2020-09-30T09:46:50.189Z", "updated_at": "2020-09-30T09:46:50.209Z", "sub_dimension": "3d86f9fe-6b97-4e3c-97c4-1da65d63e20f", "value": 1, "title": "Technology Governance Framework", "description": "A formal technology governance framework is in place to oversee the implementation of the technology"}}, {"model": "main.tmforumcriterion", "pk": "a6d8733b-21f8-4145-a6be-d87bdd2aba7b", "fields": {"created_at": "2020-09-30T09:47:08.862Z", "updated_at": "2020-09-30T09:47:08.875Z", "sub_dimension": "c5396585-ff95-4318-9841-2ef9cf96ca0b", "value": 6, "title": "Innovation Policies", "description": "Working policies and processes support innovation"}}, {"model": "main.tmforumcriterion", "pk": "a9d92829-dacc-4825-8b9d-cb29b0881940", "fields": {"created_at": "2020-09-30T09:46:50.557Z", "updated_at": "2020-09-30T09:46:50.572Z", "sub_dimension": "3d86f9fe-6b97-4e3c-97c4-1da65d63e20f", "value": 3, "title": "Environment Management", "description": "Consideration is given to the environmental impact of technology operations"}}, {"model": "main.tmforumcriterion", "pk": "aa0f9769-8ac4-4b5b-8807-bc26fadc5464", "fields": {"created_at": "2020-09-30T09:47:03.479Z", "updated_at": "2020-09-30T09:47:03.493Z", "sub_dimension": "6070707f-b150-4156-8f34-58fb9ff7a2d8", "value": 3, "title": "Supply Chain Operations", "description": "Supply Chain Operations is flexible and can respond to changes in a timely manner"}}, {"model": "main.tmforumcriterion", "pk": "aaa1c68a-d54f-434e-ae7d-6217741f9863", "fields": {"created_at": "2020-09-30T09:46:38.032Z", "updated_at": "2020-09-30T09:46:38.045Z", "sub_dimension": "3dfcb7d1-55a5-4713-b7af-17d48da3e273", "value": 3, "title": "Self-Customization", "description": "A range of tools is provided for customers to easily customize the products and services they use."}}, {"model": "main.tmforumcriterion", "pk": "b37016cd-ec6e-4e44-834f-9316bd52c0f5", "fields": {"created_at": "2020-09-30T09:46:59.408Z", "updated_at": "2020-09-30T09:46:59.421Z", "sub_dimension": "ff6231a8-52ad-46d8-bc8b-3d09bf055d34", "value": 3, "title": "Compliance", "description": "Operations are compliant with legal and regulatory requirements and adopted standards"}}, {"model": "main.tmforumcriterion", "pk": "b45e82b7-365a-4f8c-b4f4-1682ae463da8", "fields": {"created_at": "2020-09-30T09:47:10.058Z", "updated_at": "2020-09-30T09:47:10.071Z", "sub_dimension": "41395e29-dc59-43e1-94a1-1b5d71969a78", "value": 6, "title": "Data Strategy", "description": "Formulates long term vision with set goals and measureable business objectives."}}, {"model": "main.tmforumcriterion", "pk": "b4fbc0a0-e9f9-4daf-ba44-b6b2cb488312", "fields": {"created_at": "2020-09-30T09:46:40.318Z", "updated_at": "2020-09-30T09:46:40.331Z", "sub_dimension": "83e11138-5702-4b71-80cd-c32079a8a06c", "value": 7, "title": "Customer Experience Measurement", "description": "The performance of customer journeys is measured."}}, {"model": "main.tmforumcriterion", "pk": "b7c478e8-cc7b-4522-a799-e5c6b7372359", "fields": {"created_at": "2020-09-30T09:46:41.480Z", "updated_at": "2020-09-30T09:46:41.493Z", "sub_dimension": "e0cd6319-64f9-4309-9d1f-55703d8bf9ad", "value": 1, "title": "360 customer view", "description": "The organization has a 360 view of the customer"}}, {"model": "main.tmforumcriterion", "pk": "ba0770b2-8e46-4c26-aaec-078666fc95e9", "fields": {"created_at": "2020-09-30T09:46:38.221Z", "updated_at": "2020-09-30T09:46:38.234Z", "sub_dimension": "3dfcb7d1-55a5-4713-b7af-17d48da3e273", "value": 9, "title": "Structural Ties", "description": "Structural ties are created which encourage brand loyalty."}}, {"model": "main.tmforumcriterion", "pk": "ba244a47-95cc-429a-814e-fd1b82225a70", "fields": {"created_at": "2020-09-30T09:46:57.809Z", "updated_at": "2020-09-30T09:46:57.822Z", "sub_dimension": "39b294ab-8504-402e-a33f-f95152c56a67", "value": 6, "title": "Orchestration", "description": "Orchestrates resources and services to meet business needs"}}, {"model": "main.tmforumcriterion", "pk": "ba652bfe-603b-47ff-9a08-58965ea8ad15", "fields": {"created_at": "2020-09-30T09:46:40.505Z", "updated_at": "2020-09-30T09:46:40.518Z", "sub_dimension": "83e11138-5702-4b71-80cd-c32079a8a06c", "value": 2, "title": "Experience Driven Design", "description": "Customer Experience is considered in the design and deployment of products and services."}}, {"model": "main.tmforumcriterion", "pk": "bd0cdcef-1d1e-47d1-8851-e75e75a712ea", "fields": {"created_at": "2020-09-30T09:46:41.668Z", "updated_at": "2020-09-30T09:46:41.681Z", "sub_dimension": "e0cd6319-64f9-4309-9d1f-55703d8bf9ad", "value": 2, "title": "Single Customer view", "description": "There is a single source of truth for each element of customer information"}}, {"model": "main.tmforumcriterion", "pk": "bdc63197-ab6e-44cb-b522-c4951cb04d93", "fields": {"created_at": "2020-09-30T09:47:07.063Z", "updated_at": "2020-09-30T09:47:07.076Z", "sub_dimension": "145506d0-7992-4d5d-bf02-ac3f1b6ae535", "value": 8, "title": "Employee Engagement", "description": "The organization measures and seeks to improve employee engagement"}}, {"model": "main.tmforumcriterion", "pk": "bf3d8c47-51ad-40a5-a61c-0ec1bba05a86", "fields": {"created_at": "2020-09-30T09:47:11.388Z", "updated_at": "2020-09-30T09:47:11.404Z", "sub_dimension": "51ec117f-97a8-4599-a1b6-f78166e5c6b7", "value": 6, "title": "Data Integrity", "description": "Data  integrity is assured"}}, {"model": "main.tmforumcriterion", "pk": "c0134e9c-4e25-4aa2-abbb-5aecc2376c10", "fields": {"created_at": "2020-09-30T09:46:38.473Z", "updated_at": "2020-09-30T09:46:38.486Z", "sub_dimension": "3dfcb7d1-55a5-4713-b7af-17d48da3e273", "value": 7, "title": "Proactive Care", "description": "Customer needs and problems are anticipated and addressed."}}, {"model": "main.tmforumcriterion", "pk": "c3987001-95db-454b-8d06-45e4b6f1c443", "fields": {"created_at": "2020-09-30T09:46:46.508Z", "updated_at": "2020-09-30T09:46:46.528Z", "sub_dimension": "8be5d4bb-5752-4a0a-9423-840aca217d30", "value": 1, "title": "Project Funding", "description": "The organization has funding allocated for transformation projects"}}, {"model": "main.tmforumcriterion", "pk": "cf3ae81a-76d0-49dd-925d-46312313fd6a", "fields": {"created_at": "2020-09-30T09:47:10.250Z", "updated_at": "2020-09-30T09:47:10.267Z", "sub_dimension": "41395e29-dc59-43e1-94a1-1b5d71969a78", "value": 7, "title": "Org and Roles", "description": "Defines organizational roles for data management."}}, {"model": "main.tmforumcriterion", "pk": "d1206b60-3e75-4196-a680-89e2d2373119", "fields": {"created_at": "2020-09-30T09:46:52.898Z", "updated_at": "2020-09-30T09:46:52.914Z", "sub_dimension": "7a6fc1f0-97a8-44cd-a541-db6086a77edf", "value": 4, "title": "Application Configurability", "description": "Applications can be configured to meet business requirements"}}, {"model": "main.tmforumcriterion", "pk": "d1c6aa47-c482-4d0e-a72c-eeffec557ebd", "fields": {"created_at": "2020-09-30T09:47:04.837Z", "updated_at": "2020-09-30T09:47:04.853Z", "sub_dimension": "2a5aa027-6b75-4ef2-b430-655d4b13ceff", "value": 2, "title": "Employee Impact", "description": "Employees understand the impact they make to the business"}}, {"model": "main.tmforumcriterion", "pk": "d2937d2d-9056-4c46-9e94-b3b6387236d0", "fields": {"created_at": "2020-09-30T09:46:48.733Z", "updated_at": "2020-09-30T09:46:48.746Z", "sub_dimension": "6c151793-6b49-4e89-817e-b4ed592843a1", "value": 7, "title": "Transformation Governance", "description": "The organization has implemented digital transformation governance"}}, {"model": "main.tmforumcriterion", "pk": "d3671376-1b99-44cc-9eae-03e7fa7915bf", "fields": {"created_at": "2020-09-30T09:46:50.745Z", "updated_at": "2020-09-30T09:46:50.758Z", "sub_dimension": "3d86f9fe-6b97-4e3c-97c4-1da65d63e20f", "value": 4, "title": "Energy Management", "description": "Consideration is given to the economic impact of the organization's energy consumption"}}, {"model": "main.tmforumcriterion", "pk": "d39bb2d6-c547-4ed2-9078-f73d9f30f088", "fields": {"created_at": "2020-09-30T09:47:05.147Z", "updated_at": "2020-09-30T09:47:05.168Z", "sub_dimension": "2a5aa027-6b75-4ef2-b430-655d4b13ceff", "value": 3, "title": "Shared values", "description": "Employees buy into the digital strategy "}}, {"model": "main.tmforumcriterion", "pk": "d50e6f93-1618-42ff-b54b-67552afb95f6", "fields": {"created_at": "2020-09-30T09:47:07.261Z", "updated_at": "2020-09-30T09:47:07.274Z", "sub_dimension": "145506d0-7992-4d5d-bf02-ac3f1b6ae535", "value": 6, "title": "Talent development", "description": "Talent development is treated as a continuous activity providing equal opportunity."}}, {"model": "main.tmforumcriterion", "pk": "d70ea328-8220-44aa-8c79-ecbfcc1396ab", "fields": {"created_at": "2020-09-30T09:46:48.917Z", "updated_at": "2020-09-30T09:46:48.929Z", "sub_dimension": "6c151793-6b49-4e89-817e-b4ed592843a1", "value": 4, "title": "Risk Management", "description": "There is a risk management strategy in place"}}, {"model": "main.tmforumcriterion", "pk": "d939e556-4951-4a88-8578-504673a3ab5e", "fields": {"created_at": "2020-09-30T09:46:40.692Z", "updated_at": "2020-09-30T09:46:40.705Z", "sub_dimension": "83e11138-5702-4b71-80cd-c32079a8a06c", "value": 5, "title": "Customer Onboarding", "description": "Customer experience is factored into the onboarding process for new customers "}}, {"model": "main.tmforumcriterion", "pk": "d9e065ba-4e64-4743-99cb-32f902b1f8e1", "fields": {"created_at": "2020-09-30T09:46:49.114Z", "updated_at": "2020-09-30T09:46:49.126Z", "sub_dimension": "6c151793-6b49-4e89-817e-b4ed592843a1", "value": 8, "title": "Best Practices", "description": "The organization actively identifies and encourages the adoption of best practices"}}, {"model": "main.tmforumcriterion", "pk": "db818024-a817-46b1-86ac-766ef044d57c", "fields": {"created_at": "2020-09-30T09:47:11.581Z", "updated_at": "2020-09-30T09:47:11.594Z", "sub_dimension": "51ec117f-97a8-4599-a1b6-f78166e5c6b7", "value": 2, "title": "Data storage", "description": "Storage, deletion and archival of all data used by the organization."}}, {"model": "main.tmforumcriterion", "pk": "e1d8112f-d688-4ca2-b65b-b8cd5f076950", "fields": {"created_at": "2020-09-30T09:46:58.148Z", "updated_at": "2020-09-30T09:46:58.162Z", "sub_dimension": "39b294ab-8504-402e-a33f-f95152c56a67", "value": 1, "title": "Virtualization (e.g. SDN/NFV)", "description": "Virtualization is in place"}}, {"model": "main.tmforumcriterion", "pk": "e21a120e-7f29-4e52-b659-cfae805aab85", "fields": {"created_at": "2020-09-30T09:46:40.879Z", "updated_at": "2020-09-30T09:46:40.892Z", "sub_dimension": "83e11138-5702-4b71-80cd-c32079a8a06c", "value": 3, "title": "Investment in Continuous Improvement", "description": "Investment is planned to achieve the customer experience vision"}}, {"model": "main.tmforumcriterion", "pk": "e43030a9-beb5-490b-93da-0c8f5c455daf", "fields": {"created_at": "2020-09-30T09:47:00.584Z", "updated_at": "2020-09-30T09:47:00.597Z", "sub_dimension": "6828bf7d-2d53-4e6f-bfff-952c67f9a3dc", "value": 4, "title": "Process optimization", "description": "Operation processes are optimized"}}, {"model": "main.tmforumcriterion", "pk": "e4922382-c686-46ae-ae00-42c7865e3525", "fields": {"created_at": "2020-09-30T09:47:07.446Z", "updated_at": "2020-09-30T09:47:07.459Z", "sub_dimension": "145506d0-7992-4d5d-bf02-ac3f1b6ae535", "value": 2, "title": "Competency Baseline", "description": "The organization knows the competencies of its workforce"}}, {"model": "main.tmforumcriterion", "pk": "e7828bac-7603-48b8-be5b-77c933a660e9", "fields": {"created_at": "2020-09-30T09:46:38.787Z", "updated_at": "2020-09-30T09:46:38.802Z", "sub_dimension": "3dfcb7d1-55a5-4713-b7af-17d48da3e273", "value": 2, "title": "Targeted Marketing", "description": "Marketing content is targeted and relevant"}}, {"model": "main.tmforumcriterion", "pk": "eaa08ab0-28f2-4db1-bd66-b0574e82c238", "fields": {"created_at": "2020-09-30T09:46:39.151Z", "updated_at": "2020-09-30T09:46:39.166Z", "sub_dimension": "3dfcb7d1-55a5-4713-b7af-17d48da3e273", "value": 5, "title": "Customer Delight", "description": "The organization makes it enjoyable for the customer\u00a0to fulfil their needs"}}, {"model": "main.tmforumcriterion", "pk": "ecea94fb-abc9-434f-9d35-32646f9dd701", "fields": {"created_at": "2020-09-30T09:47:03.676Z", "updated_at": "2020-09-30T09:47:03.689Z", "sub_dimension": "6070707f-b150-4156-8f34-58fb9ff7a2d8", "value": 5, "title": "Operations Monitoring", "description": "Operations Monitoring provides a view of service performance"}}, {"model": "main.tmforumcriterion", "pk": "eed0ecd7-ef8f-4a5c-804e-61f2fb8a1bac", "fields": {"created_at": "2020-09-30T09:47:11.772Z", "updated_at": "2020-09-30T09:47:11.785Z", "sub_dimension": "51ec117f-97a8-4599-a1b6-f78166e5c6b7", "value": 7, "title": "Data Presentation", "description": "Presents data in a way that is fit for purpose."}}, {"model": "main.tmforumcriterion", "pk": "ef665459-a658-4737-8a23-6d63c622e1c2", "fields": {"created_at": "2020-09-30T09:46:45.464Z", "updated_at": "2020-09-30T09:46:45.479Z", "sub_dimension": "42d14292-13de-4338-9aed-a66728775084", "value": 3, "title": "Partner Selection", "description": "The organization selects ecosystem partners to support its strategy"}}, {"model": "main.tmforumcriterion", "pk": "efa10190-c08f-4767-b7d6-e45b600bde58", "fields": {"created_at": "2020-09-30T09:47:12.583Z", "updated_at": "2020-09-30T09:47:12.596Z", "sub_dimension": "1a2fec64-28f6-4242-94c0-280791131451", "value": 3, "title": "Data Monetization", "description": "Generates measurable economic benefits from data"}}, {"model": "main.tmforumcriterion", "pk": "f07d185f-04a5-43b3-8b9e-25a5f4c47288", "fields": {"created_at": "2020-09-30T09:46:58.515Z", "updated_at": "2020-09-30T09:46:58.531Z", "sub_dimension": "39b294ab-8504-402e-a33f-f95152c56a67", "value": 9, "title": "Automation", "description": "The organization automates its processes"}}, {"model": "main.tmforumcriterion", "pk": "f0fcad7d-e083-4961-9dee-25bac37964e4", "fields": {"created_at": "2020-09-30T09:47:10.489Z", "updated_at": "2020-09-30T09:47:10.502Z", "sub_dimension": "41395e29-dc59-43e1-94a1-1b5d71969a78", "value": 4, "title": "Data Security Management", "description": "Protects data from unauthorized access, use, change, disclosure and destruction. "}}, {"model": "main.tmforumcriterion", "pk": "f49406ef-83ae-4f95-a51b-23084bdca209", "fields": {"created_at": "2020-09-30T09:46:50.938Z", "updated_at": "2020-09-30T09:46:50.951Z", "sub_dimension": "3d86f9fe-6b97-4e3c-97c4-1da65d63e20f", "value": 5, "title": "New Technologies", "description": "Consideration is given to the business application of new technologies"}}, {"model": "main.tmforumcriterion", "pk": "f811266d-7ada-41fe-ab40-48b5e5612c10", "fields": {"created_at": "2020-09-30T09:47:05.412Z", "updated_at": "2020-09-30T09:47:05.428Z", "sub_dimension": "2a5aa027-6b75-4ef2-b430-655d4b13ceff", "value": 4, "title": "Safe To Fail", "description": "A 'safe to fail' culture exists"}}, {"model": "main.tmforumcriterion", "pk": "f8d6e690-f995-4381-98ab-21b791b27fd5", "fields": {"created_at": "2020-09-30T09:46:49.302Z", "updated_at": "2020-09-30T09:46:49.315Z", "sub_dimension": "6c151793-6b49-4e89-817e-b4ed592843a1", "value": 5, "title": "Transformation Roadmap", "description": "There is a transformation roadmap in place"}}, {"model": "main.tmforumcriterion", "pk": "f998b934-13af-410f-b340-e4d78a9d8482", "fields": {"created_at": "2020-09-30T09:46:42.798Z", "updated_at": "2020-09-30T09:46:42.813Z", "sub_dimension": "33956eb0-e691-46b1-af9d-4c3c2907cea7", "value": 2, "title": "Complaint Handling", "description": "Complaints received are\u00a0responded to and learned from effectively"}}, {"model": "main.tmforumcriterion", "pk": "f9a58ae8-5126-4260-9482-91776d5bdbc2", "fields": {"created_at": "2020-09-30T09:46:41.066Z", "updated_at": "2020-09-30T09:46:41.079Z", "sub_dimension": "83e11138-5702-4b71-80cd-c32079a8a06c", "value": 8, "title": "Customer Journey Management", "description": "The performance of customer journeys is managed."}}, {"model": "main.tmforumcriterion", "pk": "fa08f1cc-22bb-4bdc-9d73-490476eca43d", "fields": {"created_at": "2020-09-30T09:47:11.963Z", "updated_at": "2020-09-30T09:47:11.980Z", "sub_dimension": "51ec117f-97a8-4599-a1b6-f78166e5c6b7", "value": 4, "title": "Data Life-cycle Management", "description": "Manages the flow of data from creation, to use, to sharing and deletion."}}, {"model": "main.tmforumcriterion", "pk": "fb4c0b65-6688-4855-b275-f5756ddd2aa7", "fields": {"created_at": "2020-09-30T09:47:09.047Z", "updated_at": "2020-09-30T09:47:09.063Z", "sub_dimension": "c5396585-ff95-4318-9841-2ef9cf96ca0b", "value": 1, "title": "Productive Environment", "description": "The workplace supports productivity"}}, {"model": "main.tmforumdimension", "pk": "11f1607b-e26f-4929-bf39-dc6f3ab063aa", "fields": {"created_at": "2020-09-30T09:27:28.828Z", "updated_at": "2020-09-30T09:27:28.844Z", "title": "Strategy", "value": 2}}, {"model": "main.tmforumdimension", "pk": "3a76c74d-10b8-4da0-8cd1-aeec2d288fc8", "fields": {"created_at": "2020-09-30T09:27:28.988Z", "updated_at": "2020-09-30T09:27:29.004Z", "title": "Operations", "value": 4}}, {"model": "main.tmforumdimension", "pk": "3feda6d0-a6ce-4925-8645-dc1bfd501655", "fields": {"created_at": "2020-09-30T09:27:28.794Z", "updated_at": "2020-09-30T09:28:14.428Z", "title": "Customer", "value": 1}}, {"model": "main.tmforumdimension", "pk": "5982899a-be92-43a6-b6f1-a6d432b87574", "fields": {"created_at": "2020-09-30T09:27:29.050Z", "updated_at": "2020-09-30T09:27:29.065Z", "title": "Data", "value": 6}}, {"model": "main.tmforumdimension", "pk": "5b52043b-df09-4817-ac19-7ff15f110531", "fields": {"created_at": "2020-09-30T09:27:28.952Z", "updated_at": "2020-09-30T09:27:28.968Z", "title": "Technology", "value": 3}}, {"model": "main.tmforumdimension", "pk": "90ab49b8-6fe2-476c-b4d9-c5a42ddc3e7d", "fields": {"created_at": "2020-09-30T09:27:29.019Z", "updated_at": "2020-09-30T09:27:29.035Z", "title": "Culture", "value": 5}}, {"model": "main.tmforumsubdimension", "pk": "145506d0-7992-4d5d-bf02-ac3f1b6ae535", "fields": {"created_at": "2020-09-30T09:47:05.810Z", "updated_at": "2020-09-30T09:47:05.829Z", "dimension": "90ab49b8-6fe2-476c-b4d9-c5a42ddc3e7d", "value": 2, "title": "Talent Management", "description": "The organization has the competencies, knowledge and tools to create and develop an effective workforce"}}, {"model": "main.tmforumsubdimension", "pk": "1a2fec64-28f6-4242-94c0-280791131451", "fields": {"created_at": "2020-09-30T09:47:12.162Z", "updated_at": "2020-10-02T16:24:29.007Z", "dimension": "5982899a-be92-43a6-b6f1-a6d432b87574", "value": 3, "title": "Value Realization", "description": "The organization is able to realize business value from its data assets"}}, {"model": "main.tmforumsubdimension", "pk": "2a5aa027-6b75-4ef2-b430-655d4b13ceff", "fields": {"created_at": "2020-09-30T09:47:03.870Z", "updated_at": "2020-09-30T09:47:03.889Z", "dimension": "90ab49b8-6fe2-476c-b4d9-c5a42ddc3e7d", "value": 1, "title": "Organizational  Values", "description": "Organizational values are established which drive the employee experience"}}, {"model": "main.tmforumsubdimension", "pk": "33956eb0-e691-46b1-af9d-4c3c2907cea7", "fields": {"created_at": "2020-09-30T09:46:41.855Z", "updated_at": "2020-10-02T16:24:29.065Z", "dimension": "3feda6d0-a6ce-4925-8645-dc1bfd501655", "value": 4, "title": "Trust", "description": "The delivered experience aligns with the brand promise"}}, {"model": "main.tmforumsubdimension", "pk": "39b294ab-8504-402e-a33f-f95152c56a67", "fields": {"created_at": "2020-09-30T09:46:55.798Z", "updated_at": "2020-09-30T09:46:55.811Z", "dimension": "5b52043b-df09-4817-ac19-7ff15f110531", "value": 5, "title": "Connectivity & Compute", "description": "The organization has the necessary connectivity and compute capabilities in place to support digital business operations"}}, {"model": "main.tmforumsubdimension", "pk": "3d86f9fe-6b97-4e3c-97c4-1da65d63e20f", "fields": {"created_at": "2020-09-30T09:46:49.710Z", "updated_at": "2020-10-02T16:24:29.261Z", "dimension": "5b52043b-df09-4817-ac19-7ff15f110531", "value": 1, "title": "Governance", "description": "The organization governs well the utilization of technology in the research, development, and production of its goods and services"}}, {"model": "main.tmforumsubdimension", "pk": "3dfcb7d1-55a5-4713-b7af-17d48da3e273", "fields": {"created_at": "2020-09-30T09:46:35.797Z", "updated_at": "2020-10-02T16:24:29.273Z", "dimension": "3feda6d0-a6ce-4925-8645-dc1bfd501655", "value": 1, "title": "Outside-In View", "description": "The organization delivers a good experience with its products & services"}}, {"model": "main.tmforumsubdimension", "pk": "41395e29-dc59-43e1-94a1-1b5d71969a78", "fields": {"created_at": "2020-09-30T09:47:09.250Z", "updated_at": "2020-10-02T16:24:29.367Z", "dimension": "5982899a-be92-43a6-b6f1-a6d432b87574", "value": 1, "title": "Governance", "description": "The organization has an effective data governance system in place\n"}}, {"model": "main.tmforumsubdimension", "pk": "42185a0b-ae38-4836-8bb1-4906df730edb", "fields": {"created_at": "2020-09-30T09:47:00.890Z", "updated_at": "2020-09-30T09:47:00.906Z", "dimension": "3a76c74d-10b8-4da0-8cd1-aeec2d288fc8", "value": 3, "title": "Service Transition/Deployment", "description": "The organization is able to rapidly, flexibly and effectively deliver and deploy and retire services"}}, {"model": "main.tmforumsubdimension", "pk": "42d14292-13de-4338-9aed-a66728775084", "fields": {"created_at": "2020-09-30T09:46:44.720Z", "updated_at": "2020-09-30T09:46:44.735Z", "dimension": "11f1607b-e26f-4929-bf39-dc6f3ab063aa", "value": 2, "title": "Ecosystem Management", "description": "The organization is able to leverage ecosystems to create business value"}}, {"model": "main.tmforumsubdimension", "pk": "4f0e385e-59ad-4734-892f-f84c90a493bd", "fields": {"created_at": "2020-09-30T09:46:54.915Z", "updated_at": "2020-09-30T09:46:54.930Z", "dimension": "5b52043b-df09-4817-ac19-7ff15f110531", "value": 4, "title": "Applications & Platforms", "description": "Technology platforms and tools are in place to effectively develop and manage applications and processes"}}, {"model": "main.tmforumsubdimension", "pk": "51ec117f-97a8-4599-a1b6-f78166e5c6b7", "fields": {"created_at": "2020-09-30T09:47:10.695Z", "updated_at": "2020-10-02T16:24:29.556Z", "dimension": "5982899a-be92-43a6-b6f1-a6d432b87574", "value": 2, "title": "Engineering", "description": "The organization has effective systems and processes in place to collect, transfer, store and process data\n\n"}}, {"model": "main.tmforumsubdimension", "pk": "6070707f-b150-4156-8f34-58fb9ff7a2d8", "fields": {"created_at": "2020-09-30T09:47:02.273Z", "updated_at": "2020-09-30T09:47:02.287Z", "dimension": "3a76c74d-10b8-4da0-8cd1-aeec2d288fc8", "value": 4, "title": "Service Operations", "description": "The organization is able to effectively and efficiently run services in production, ensuring high availability, quality and responsiveness to demand changes"}}, {"model": "main.tmforumsubdimension", "pk": "6828bf7d-2d53-4e6f-bfff-952c67f9a3dc", "fields": {"created_at": "2020-09-30T09:46:59.600Z", "updated_at": "2020-09-30T09:46:59.613Z", "dimension": "3a76c74d-10b8-4da0-8cd1-aeec2d288fc8", "value": 2, "title": "Service Design & Innovation", "description": "The organization is able to efficiently and effectively design and develop innovative services which deliver business value"}}, {"model": "main.tmforumsubdimension", "pk": "6c151793-6b49-4e89-817e-b4ed592843a1", "fields": {"created_at": "2020-09-30T09:46:47.935Z", "updated_at": "2020-10-02T16:24:29.594Z", "dimension": "11f1607b-e26f-4929-bf39-dc6f3ab063aa", "value": 6, "title": "Management", "description": "A clear and complete digital strategy is developed and adopted by the organization"}}, {"model": "main.tmforumsubdimension", "pk": "7a6fc1f0-97a8-44cd-a541-db6086a77edf", "fields": {"created_at": "2020-09-30T09:46:51.125Z", "updated_at": "2020-10-02T16:24:29.605Z", "dimension": "5b52043b-df09-4817-ac19-7ff15f110531", "value": 2, "title": "& Application Architecture", "description": "There is a technology and application architecture in place which describes the behavior of applications and their integration with the underlying technology platform and services"}}, {"model": "main.tmforumsubdimension", "pk": "83e11138-5702-4b71-80cd-c32079a8a06c", "fields": {"created_at": "2020-09-30T09:46:39.536Z", "updated_at": "2020-10-02T16:24:29.674Z", "dimension": "3feda6d0-a6ce-4925-8645-dc1bfd501655", "value": 2, "title": "Experience Management", "description": "An internal organization and governance system is in place to deliver an optimal customer experience"}}, {"model": "main.tmforumsubdimension", "pk": "8be5d4bb-5752-4a0a-9423-840aca217d30", "fields": {"created_at": "2020-09-30T09:46:45.793Z", "updated_at": "2020-09-30T09:46:45.806Z", "dimension": "11f1607b-e26f-4929-bf39-dc6f3ab063aa", "value": 3, "title": "Financial Sponsorship", "description": "Financial sponsorship is in place to support the digital strategy\n"}}, {"model": "main.tmforumsubdimension", "pk": "b68596a9-25f3-4561-8eaf-5fe41d2c9fbf", "fields": {"created_at": "2020-09-30T09:46:43.110Z", "updated_at": "2020-09-30T09:46:43.125Z", "dimension": "11f1607b-e26f-4929-bf39-dc6f3ab063aa", "value": 1, "title": "Marketing & Brand Management", "description": "A consistent brand message is developed and maintained across all channels"}}, {"model": "main.tmforumsubdimension", "pk": "bf78a312-d421-4146-9007-0bf1b8286692", "fields": {"created_at": "2020-09-30T09:46:47.325Z", "updated_at": "2020-09-30T09:46:47.338Z", "dimension": "11f1607b-e26f-4929-bf39-dc6f3ab063aa", "value": 5, "title": "Portfolio Management", "description": "The organization maintains a balanced portfolio of digital products and services "}}, {"model": "main.tmforumsubdimension", "pk": "c5396585-ff95-4318-9841-2ef9cf96ca0b", "fields": {"created_at": "2020-09-30T09:47:07.639Z", "updated_at": "2020-09-30T09:47:07.652Z", "dimension": "90ab49b8-6fe2-476c-b4d9-c5a42ddc3e7d", "value": 3, "title": "Workplace Enablement", "description": "The organization's working environment, tools and accepted practices support productivity and innovation"}}, {"model": "main.tmforumsubdimension", "pk": "cbb5159c-77c2-4943-8847-7224b7270d32", "fields": {"created_at": "2020-09-30T09:46:46.730Z", "updated_at": "2020-09-30T09:46:46.743Z", "dimension": "11f1607b-e26f-4929-bf39-dc6f3ab063aa", "value": 4, "title": "Market Intelligence", "description": "Market information is gathered to inform the strategy"}}, {"model": "main.tmforumsubdimension", "pk": "e0cd6319-64f9-4309-9d1f-55703d8bf9ad", "fields": {"created_at": "2020-09-30T09:46:41.253Z", "updated_at": "2020-10-02T16:24:29.706Z", "dimension": "3feda6d0-a6ce-4925-8645-dc1bfd501655", "value": 3, "title": "Insight", "description": "The organization makes effective use of data to generate customer insights\n"}}, {"model": "main.tmforumsubdimension", "pk": "e0de2000-09b0-4db9-bc2a-b1da6e878974", "fields": {"created_at": "2020-09-30T09:46:53.303Z", "updated_at": "2020-09-30T09:46:53.319Z", "dimension": "5b52043b-df09-4817-ac19-7ff15f110531", "value": 3, "title": "Security", "description": "The organization plans for and proactively address threats, vulnerabilities and security compliance requirements"}}, {"model": "main.tmforumsubdimension", "pk": "ff6231a8-52ad-46d8-bc8b-3d09bf055d34", "fields": {"created_at": "2020-09-30T09:46:58.777Z", "updated_at": "2020-10-02T16:24:29.722Z", "dimension": "3a76c74d-10b8-4da0-8cd1-aeec2d288fc8", "value": 1, "title": "Governance", "description": "The organization has effective operations governance in place"}}, {"model": "main.assessment", "pk": "d7ceaa88-0e2d-4129-bf52-136dbe55e576", "fields": {"created_at": "2020-10-09T11:12:14.985Z", "updated_at": "2020-10-09T11:12:14.985Z", "name": "Digital Readiness Assessment", "description": "TM Forum Digital Readiness Assessment ", "duration": "139 minutes", "link": "/tmfoum/1"}}, {"model": "main.assessment", "pk": "f0c9464e-8a48-4f60-b128-a54859c0e773", "fields": {"created_at": "2021-04-30T06:30:32.270Z", "updated_at": "2021-04-30T06:30:32.270Z", "name": "GC Index", "description": "GC Index", "duration": "20", "link": "https://platform.deviare.co.za/assessments"}}]